{
    "keep": {
        "days": false,
        "amount": 30
    },
    "auditLog": "log/.1aca435db6a86784a3c176f20a0873be0352347a-audit.json",
    "files": [
        {
            "date": 1739515360229,
            "name": "log/2025-02-14.log",
            "hash": "c340cedf36d0f012fc90197d11a9ae8001589d79fa21bcfc703c4f260f72cb64"
        },
        {
            "date": 1739588380999,
            "name": "log/2025-02-15.log",
            "hash": "ac5968a954a7694a90de2b2e35f2b0a841cc432e82af04fde0726321e200cdfb"
        },
        {
            "date": 1739777133185,
            "name": "log/2025-02-17.log",
            "hash": "7dda2ec5ce74095ca2e48f271e7f77f666f74f75290667f49bd5d6123977156a"
        }
    ],
    "hashType": "sha256"
}